Rk,Season,Team,W,G,W,L,T,W-L%,Pts,PtsO,PtDif
1,2007,NWE,16,16,16,0,0,1.000,589,274,315
2,2024,DET,15,17,15,2,0,.882,564,342,222
3,2024,KAN,15,17,15,2,0,.882,385,326,59
4,2015,CAR,15,16,15,1,0,.938,500,308,192
5,2011,GNB,15,16,15,1,0,.938,560,359,201
6,2004,PIT,15,16,15,1,0,.938,372,251,121
7,2024,MIN,14,17,14,3,0,.824,432,332,100
8,2024,PHI,14,17,14,3,0,.824,463,303,160
9,2022,KAN,14,17,14,3,0,.824,496,369,127
10,2022,PHI,14,17,14,3,0,.824,477,344,133
11,2020,KAN,14,16,14,2,0,.875,473,362,111
12,2019,BAL,14,16,14,2,0,.875,531,282,249
13,2016,NWE,14,16,14,2,0,.875,441,250,191
14,2010,NWE,14,16,14,2,0,.875,518,313,205
15,2009,IND,14,16,14,2,0,.875,416,307,109
16,2006,SDG,14,16,14,2,0,.875,492,303,189
17,2005,IND,14,16,14,2,0,.875,439,247,192
18,2004,NWE,14,16,14,2,0,.875,437,260,177
19,2003,NWE,14,16,14,2,0,.875,348,238,110
20,2001,STL,14,16,14,2,0,.875,503,273,230
21,2024,BUF,13,17,13,4,0,.765,525,368,157
22,2023,BAL,13,17,13,4,0,.765,483,280,203
23,2022,BUF,13,16,13,3,0,.813,455,286,169
24,2022,MIN,13,17,13,4,0,.765,424,427,-3
25,2022,SFO,13,17,13,4,0,.765,450,277,173
26,2021,GNB,13,17,13,4,0,.765,450,371,79
27,2021,TAM,13,17,13,4,0,.765,511,353,158
28,2020,BUF,13,16,13,3,0,.813,501,375,126
29,2020,GNB,13,16,13,3,0,.813,509,369,140
30,2019,GNB,13,16,13,3,0,.813,376,313,63
31,2019,NOR,13,16,13,3,0,.813,458,341,117
32,2019,SFO,13,16,13,3,0,.813,479,310,169
33,2018,NOR,13,16,13,3,0,.813,504,353,151
34,2018,LAR,13,16,13,3,0,.813,527,384,143
35,2017,MIN,13,16,13,3,0,.813,382,252,130
36,2017,NWE,13,16,13,3,0,.813,458,296,162
37,2017,PHI,13,16,13,3,0,.813,457,295,162
38,2017,PIT,13,16,13,3,0,.813,406,308,98
39,2016,DAL,13,16,13,3,0,.813,421,306,115
40,2015,ARI,13,16,13,3,0,.813,489,313,176
41,2013,DEN,13,16,13,3,0,.813,606,399,207
42,2013,SEA,13,16,13,3,0,.813,417,231,186
43,2012,ATL,13,16,13,3,0,.813,419,299,120
44,2012,DEN,13,16,13,3,0,.813,481,289,192
45,2011,NOR,13,16,13,3,0,.813,547,339,208
46,2011,NWE,13,16,13,3,0,.813,513,342,171
47,2011,SFO,13,16,13,3,0,.813,380,229,151
48,2010,ATL,13,16,13,3,0,.813,414,288,126
49,2009,NOR,13,16,13,3,0,.813,510,341,169
50,2009,SDG,13,16,13,3,0,.813,454,320,134
51,2008,TEN,13,16,13,3,0,.813,375,234,141
52,2007,IND,13,16,13,3,0,.813,450,262,188
53,2007,DAL,13,16,13,3,0,.813,455,325,130
54,2007,GNB,13,16,13,3,0,.813,435,291,144
55,2006,CHI,13,16,13,3,0,.813,427,255,172
56,2006,BAL,13,16,13,3,0,.813,353,201,152
57,2005,DEN,13,16,13,3,0,.813,395,258,137
58,2005,SEA,13,16,13,3,0,.813,452,271,181
59,2004,PHI,13,16,13,3,0,.813,386,260,126
60,2003,KAN,13,16,13,3,0,.813,484,332,152
61,2001,CHI,13,16,13,3,0,.813,338,203,135
62,2001,PIT,13,16,13,3,0,.813,352,212,140
63,2000,TEN,13,16,13,3,0,.813,346,191,155
64,2024,BAL,12,17,12,5,0,.706,518,361,157
65,2024,WAS,12,17,12,5,0,.706,485,391,94
66,2023,DAL,12,17,12,5,0,.706,509,315,194
67,2023,DET,12,17,12,5,0,.706,461,395,66
68,2023,SFO,12,17,12,5,0,.706,491,298,193
69,2022,CIN,12,16,12,4,0,.750,418,322,96
70,2022,DAL,12,17,12,5,0,.706,467,342,125
71,2021,DAL,12,17,12,5,0,.706,530,358,172
72,2021,KAN,12,17,12,5,0,.706,480,364,116
73,2021,TEN,12,17,12,5,0,.706,419,354,65
74,2021,LAR,12,17,12,5,0,.706,460,372,88
75,2020,NOR,12,16,12,4,0,.750,482,337,145
76,2020,PIT,12,16,12,4,0,.750,416,312,104
77,2020,SEA,12,16,12,4,0,.750,459,371,88
78,2019,KAN,12,16,12,4,0,.750,451,308,143
79,2019,NWE,12,16,12,4,0,.750,420,225,195
80,2018,CHI,12,16,12,4,0,.750,421,283,138
81,2018,KAN,12,16,12,4,0,.750,565,421,144
82,2018,LAC,12,16,12,4,0,.750,428,329,99
83,2016,KAN,12,16,12,4,0,.750,389,311,78
84,2016,OAK,12,16,12,4,0,.750,416,385,31
85,2015,CIN,12,16,12,4,0,.750,419,279,140
86,2015,DEN,12,16,12,4,0,.750,355,296,59
87,2015,NWE,12,16,12,4,0,.750,465,315,150
88,2014,DAL,12,16,12,4,0,.750,467,352,115
89,2014,DEN,12,16,12,4,0,.750,482,354,128
90,2014,GNB,12,16,12,4,0,.750,486,348,138
91,2014,NWE,12,16,12,4,0,.750,468,313,155
92,2014,SEA,12,16,12,4,0,.750,394,254,140
93,2013,CAR,12,16,12,4,0,.750,366,241,125
94,2013,NWE,12,16,12,4,0,.750,444,338,106
95,2013,SFO,12,16,12,4,0,.750,406,272,134
96,2012,HOU,12,16,12,4,0,.750,416,331,85
97,2012,NWE,12,16,12,4,0,.750,557,331,226
98,2011,PIT,12,16,12,4,0,.750,325,227,98
99,2011,BAL,12,16,12,4,0,.750,378,266,112
100,2010,PIT,12,16,12,4,0,.750,375,232,143
101,2010,BAL,12,16,12,4,0,.750,357,270,87
102,2009,MIN,12,16,12,4,0,.750,470,312,158
103,2008,CAR,12,16,12,4,0,.750,414,329,85
104,2008,IND,12,16,12,4,0,.750,377,298,79
105,2008,NYG,12,16,12,4,0,.750,427,294,133
106,2008,PIT,12,16,12,4,0,.750,347,223,124
107,2006,IND,12,16,12,4,0,.750,427,360,67
108,2006,NWE,12,16,12,4,0,.750,385,237,148
109,2005,JAX,12,16,12,4,0,.750,361,269,92
110,2004,IND,12,16,12,4,0,.750,522,351,171
111,2004,SDG,12,16,12,4,0,.750,446,313,133
112,2003,IND,12,16,12,4,0,.750,447,336,111
113,2003,TEN,12,16,12,4,0,.750,435,324,111
114,2003,PHI,12,16,12,4,0,.750,374,287,87
115,2003,STL,12,16,12,4,0,.750,447,328,119
116,2002,GNB,12,16,12,4,0,.750,398,328,70
117,2002,PHI,12,16,12,4,0,.750,415,241,174
118,2002,TAM,12,16,12,4,0,.750,346,196,150
119,2001,GNB,12,16,12,4,0,.750,390,266,124
120,2001,SFO,12,16,12,4,0,.750,409,282,127
121,2000,NYG,12,16,12,4,0,.750,328,246,82
122,2000,OAK,12,16,12,4,0,.750,479,299,180
123,2000,BAL,12,16,12,4,0,.750,333,165,168
124,2024,GNB,11,17,11,6,0,.647,460,338,122
125,2024,LAC,11,17,11,6,0,.647,402,301,101
126,2023,BUF,11,17,11,6,0,.647,451,311,140
127,2023,CLE,11,17,11,6,0,.647,396,362,34
128,2023,KAN,11,17,11,6,0,.647,371,294,77
129,2023,MIA,11,17,11,6,0,.647,496,391,105
130,2023,PHI,11,17,11,6,0,.647,433,428,5
131,2021,BUF,11,17,11,6,0,.647,483,289,194
132,2021,ARI,11,17,11,6,0,.647,449,366,83
133,2020,CLE,11,16,11,5,0,.688,408,419,-11
134,2020,IND,11,16,11,5,0,.688,451,362,89
135,2020,TEN,11,16,11,5,0,.688,491,439,52
136,2020,BAL,11,16,11,5,0,.688,468,303,165
137,2020,TAM,11,16,11,5,0,.688,492,355,137
138,2019,SEA,11,16,11,5,0,.688,405,398,7
139,2018,HOU,11,16,11,5,0,.688,402,316,86
140,2018,NWE,11,16,11,5,0,.688,436,325,111
141,2017,CAR,11,16,11,5,0,.688,363,327,36
142,2017,NOR,11,16,11,5,0,.688,448,326,122
143,2017,LAR,11,16,11,5,0,.688,478,329,149
144,2016,ATL,11,16,11,5,0,.688,540,406,134
145,2016,NYG,11,16,11,5,0,.688,310,284,26
146,2016,PIT,11,16,11,5,0,.688,399,327,72
147,2015,KAN,11,16,11,5,0,.688,405,287,118
148,2015,MIN,11,16,11,5,0,.688,365,302,63
149,2014,IND,11,16,11,5,0,.688,458,369,89
150,2014,ARI,11,16,11,5,0,.688,310,299,11
151,2014,DET,11,16,11,5,0,.688,321,282,39
152,2014,PIT,11,16,11,5,0,.688,436,368,68
153,2013,CIN,11,16,11,5,0,.688,430,305,125
154,2013,IND,11,16,11,5,0,.688,391,336,55
155,2013,KAN,11,16,11,5,0,.688,430,305,125
156,2013,NOR,11,16,11,5,0,.688,414,304,110
157,2012,IND,11,16,11,5,0,.688,357,387,-30
158,2012,GNB,11,16,11,5,0,.688,433,336,97
159,2012,SEA,11,16,11,5,0,.688,412,245,167
160,2012,SFO,11,16,11,4,1,.719,397,273,124
161,2010,CHI,11,16,11,5,0,.688,334,286,48
162,2010,NOR,11,16,11,5,0,.688,384,307,77
163,2010,NYJ,11,16,11,5,0,.688,367,304,63
164,2009,DAL,11,16,11,5,0,.688,361,250,111
165,2009,GNB,11,16,11,5,0,.688,461,297,164
166,2009,PHI,11,16,11,5,0,.688,429,337,92
167,2008,ATL,11,16,11,5,0,.688,391,325,66
168,2008,MIA,11,16,11,5,0,.688,345,317,28
169,2008,NWE,11,16,11,5,0,.688,410,309,101
170,2008,BAL,11,16,11,5,0,.688,385,244,141
171,2007,JAX,11,16,11,5,0,.688,411,304,107
172,2007,SDG,11,16,11,5,0,.688,412,284,128
173,2005,CAR,11,16,11,5,0,.688,391,259,132
174,2005,CHI,11,16,11,5,0,.688,260,202,58
175,2005,CIN,11,16,11,5,0,.688,421,350,71
176,2005,NYG,11,16,11,5,0,.688,422,314,108
177,2005,PIT,11,16,11,5,0,.688,389,258,131
178,2005,TAM,11,16,11,5,0,.688,300,274,26
179,2004,ATL,11,16,11,5,0,.688,340,337,3
180,2003,CAR,11,16,11,5,0,.688,325,304,21
181,2002,TEN,11,16,11,5,0,.688,367,324,43
182,2002,OAK,11,16,11,5,0,.688,450,304,146
183,2001,MIA,11,16,11,5,0,.688,344,290,54
184,2001,NWE,11,16,11,5,0,.688,371,272,99
185,2001,PHI,11,16,11,5,0,.688,343,208,135
186,2000,DEN,11,16,11,5,0,.688,485,369,116
187,2000,MIA,11,16,11,5,0,.688,323,226,97
188,2000,MIN,11,16,11,5,0,.688,397,371,26
189,2000,PHI,11,16,11,5,0,.688,351,245,106
190,2024,DEN,10,17,10,7,0,.588,425,311,114
191,2024,HOU,10,17,10,7,0,.588,372,372,0
192,2024,PIT,10,17,10,7,0,.588,380,347,33
193,2024,LAR,10,17,10,7,0,.588,367,386,-19
194,2024,SEA,10,17,10,7,0,.588,375,368,7
195,2024,TAM,10,17,10,7,0,.588,502,385,117
196,2023,HOU,10,17,10,7,0,.588,377,353,24
197,2023,PIT,10,17,10,7,0,.588,304,324,-20
198,2023,LAR,10,17,10,7,0,.588,404,377,27
199,2022,BAL,10,17,10,7,0,.588,350,315,35
200,2022,LAC,10,17,10,7,0,.588,391,384,7
201,2021,CIN,10,17,10,7,0,.588,460,376,84
202,2021,NWE,10,17,10,7,0,.588,462,303,159
203,2021,LVR,10,17,10,7,0,.588,374,439,-65
204,2021,SFO,10,17,10,7,0,.588,427,365,62
205,2020,MIA,10,16,10,6,0,.625,404,338,66
206,2020,LAR,10,16,10,6,0,.625,372,296,76
207,2019,BUF,10,16,10,6,0,.625,314,259,55
208,2019,HOU,10,16,10,6,0,.625,378,385,-7
209,2019,MIN,10,16,10,6,0,.625,407,303,104
210,2018,IND,10,16,10,6,0,.625,433,344,89
211,2018,DAL,10,16,10,6,0,.625,339,324,15
212,2018,BAL,10,16,10,6,0,.625,389,287,102
213,2018,SEA,10,16,10,6,0,.625,428,347,81
214,2017,ATL,10,16,10,6,0,.625,353,315,38
215,2017,JAX,10,16,10,6,0,.625,417,268,149
216,2017,KAN,10,16,10,6,0,.625,415,339,76
217,2016,GNB,10,16,10,6,0,.625,432,388,44
218,2016,MIA,10,16,10,6,0,.625,363,380,-17
219,2016,SEA,10,16,10,5,1,.656,354,292,62
220,2015,GNB,10,16,10,6,0,.625,368,323,45
221,2015,NYJ,10,16,10,6,0,.625,387,314,73
222,2015,PIT,10,16,10,6,0,.625,423,319,104
223,2015,SEA,10,16,10,6,0,.625,423,277,146
224,2014,CIN,10,16,10,5,1,.656,365,344,21
225,2014,PHI,10,16,10,6,0,.625,474,400,74
226,2014,BAL,10,16,10,6,0,.625,409,302,107
227,2013,ARI,10,16,10,6,0,.625,379,324,55
228,2013,PHI,10,16,10,6,0,.625,442,382,60
229,2012,CHI,10,16,10,6,0,.625,375,277,98
230,2012,CIN,10,16,10,6,0,.625,391,320,71
231,2012,MIN,10,16,10,6,0,.625,379,348,31
232,2012,BAL,10,16,10,6,0,.625,398,344,54
233,2012,WAS,10,16,10,6,0,.625,436,388,48
234,2011,ATL,10,16,10,6,0,.625,402,350,52
235,2011,DET,10,16,10,6,0,.625,474,387,87
236,2011,HOU,10,16,10,6,0,.625,381,278,103
237,2010,IND,10,16,10,6,0,.625,435,388,47
238,2010,GNB,10,16,10,6,0,.625,388,240,148
239,2010,KAN,10,16,10,6,0,.625,366,326,40
240,2010,NYG,10,16,10,6,0,.625,394,347,47
241,2010,PHI,10,16,10,6,0,.625,439,377,62
242,2010,TAM,10,16,10,6,0,.625,341,318,23
243,2009,CIN,10,16,10,6,0,.625,305,291,14
244,2009,ARI,10,16,10,6,0,.625,375,325,50
245,2009,NWE,10,16,10,6,0,.625,427,285,142
246,2008,MIN,10,16,10,6,0,.625,379,333,46
247,2007,CLE,10,16,10,6,0,.625,402,382,20
248,2007,NYG,10,16,10,6,0,.625,373,351,22
249,2007,TEN,10,16,10,6,0,.625,301,297,4
250,2007,PIT,10,16,10,6,0,.625,393,269,124
251,2007,SEA,10,16,10,6,0,.625,393,291,102
252,2006,NOR,10,16,10,6,0,.625,413,322,91
253,2006,NYJ,10,16,10,6,0,.625,316,295,21
254,2006,PHI,10,16,10,6,0,.625,398,328,70
255,2005,KAN,10,16,10,6,0,.625,403,325,78
256,2005,NWE,10,16,10,6,0,.625,379,338,41
257,2005,WAS,10,16,10,6,0,.625,359,293,66
258,2004,DEN,10,16,10,6,0,.625,381,304,77
259,2004,GNB,10,16,10,6,0,.625,424,380,44
260,2004,NYJ,10,16,10,6,0,.625,333,261,72
261,2003,DAL,10,16,10,6,0,.625,289,260,29
262,2003,DEN,10,16,10,6,0,.625,381,301,80
263,2003,GNB,10,16,10,6,0,.625,442,307,135
264,2003,MIA,10,16,10,6,0,.625,311,261,50
265,2003,BAL,10,16,10,6,0,.625,391,281,110
266,2003,SEA,10,16,10,6,0,.625,404,327,77
267,2002,IND,10,16,10,6,0,.625,349,313,36
268,2002,NYG,10,16,10,6,0,.625,320,279,41
269,2002,PIT,10,16,10,5,1,.656,390,345,45
270,2002,SFO,10,16,10,6,0,.625,367,351,16
271,2001,NYJ,10,16,10,6,0,.625,308,295,13
272,2001,OAK,10,16,10,6,0,.625,399,327,72
273,2001,BAL,10,16,10,6,0,.625,303,265,38
274,2000,IND,10,16,10,6,0,.625,429,326,103
275,2000,NOR,10,16,10,6,0,.625,354,305,49
276,2000,STL,10,16,10,6,0,.625,540,471,69
277,2000,TAM,10,16,10,6,0,.625,388,269,119
278,2024,CIN,9,17,9,8,0,.529,472,434,38
279,2023,CIN,9,17,9,8,0,.529,366,384,-18
280,2023,IND,9,17,9,8,0,.529,396,415,-19
281,2023,GNB,9,17,9,8,0,.529,383,350,33
282,2023,JAX,9,17,9,8,0,.529,377,371,6
283,2023,NOR,9,17,9,8,0,.529,402,327,75
284,2023,SEA,9,17,9,8,0,.529,364,402,-38
285,2023,TAM,9,17,9,8,0,.529,348,325,23
286,2022,DET,9,17,9,8,0,.529,453,427,26
287,2022,JAX,9,17,9,8,0,.529,404,350,54
288,2022,MIA,9,17,9,8,0,.529,397,399,-2
289,2022,NYG,9,17,9,7,1,.559,365,371,-6
290,2022,PIT,9,17,9,8,0,.529,308,346,-38
291,2022,SEA,9,17,9,8,0,.529,407,401,6
292,2021,IND,9,17,9,8,0,.529,451,365,86
293,2021,MIA,9,17,9,8,0,.529,341,373,-32
294,2021,NOR,9,17,9,8,0,.529,364,335,29
295,2021,PHI,9,17,9,8,0,.529,444,385,59
296,2021,PIT,9,17,9,7,1,.559,343,398,-55
297,2021,LAC,9,17,9,8,0,.529,474,459,15
298,2019,TEN,9,16,9,7,0,.563,402,331,71
299,2019,PHI,9,16,9,7,0,.563,385,354,31
300,2019,LAR,9,16,9,7,0,.563,394,364,30
301,2018,TEN,9,16,9,7,0,.563,310,303,7
302,2018,PHI,9,16,9,7,0,.563,367,348,19
303,2018,PIT,9,16,9,6,1,.594,428,360,68
304,2017,BUF,9,16,9,7,0,.563,302,359,-57
305,2017,DAL,9,16,9,7,0,.563,354,332,22
306,2017,DET,9,16,9,7,0,.563,410,376,34
307,2017,TEN,9,16,9,7,0,.563,334,356,-22
308,2017,BAL,9,16,9,7,0,.563,395,303,92
309,2017,LAC,9,16,9,7,0,.563,355,272,83
310,2017,SEA,9,16,9,7,0,.563,366,332,34
311,2016,DEN,9,16,9,7,0,.563,333,297,36
312,2016,DET,9,16,9,7,0,.563,346,358,-12
313,2016,HOU,9,16,9,7,0,.563,279,328,-49
314,2016,TEN,9,16,9,7,0,.563,381,378,3
315,2016,TAM,9,16,9,7,0,.563,354,369,-15
316,2015,HOU,9,16,9,7,0,.563,339,313,26
317,2015,WAS,9,16,9,7,0,.563,388,379,9
318,2014,BUF,9,16,9,7,0,.563,343,289,54
319,2014,HOU,9,16,9,7,0,.563,372,307,65
320,2014,KAN,9,16,9,7,0,.563,353,281,72
321,2014,SDG,9,16,9,7,0,.563,348,348,0
322,2013,SDG,9,16,9,7,0,.563,396,348,48
323,2012,NYG,9,16,9,7,0,.563,429,344,85
324,2011,CIN,9,16,9,7,0,.563,344,323,21
325,2011,NYG,9,16,9,7,0,.563,394,400,-6
326,2011,TEN,9,16,9,7,0,.563,325,317,8
327,2010,SDG,9,16,9,7,0,.563,441,322,119
328,2009,ATL,9,16,9,7,0,.563,363,325,38
329,2009,HOU,9,16,9,7,0,.563,388,333,55
330,2009,NYJ,9,16,9,7,0,.563,348,236,112
331,2009,PIT,9,16,9,7,0,.563,368,324,44
332,2009,BAL,9,16,9,7,0,.563,391,261,130
333,2008,CHI,9,16,9,7,0,.563,375,350,25
334,2008,ARI,9,16,9,7,0,.563,427,426,1
335,2008,DAL,9,16,9,7,0,.563,362,365,-3
336,2008,NYJ,9,16,9,7,0,.563,405,356,49
337,2008,PHI,9,16,9,6,1,.594,416,289,127
338,2008,TAM,9,16,9,7,0,.563,361,323,38
339,2007,TAM,9,16,9,7,0,.563,334,270,64
340,2007,WAS,9,16,9,7,0,.563,334,310,24
341,2006,DAL,9,16,9,7,0,.563,425,350,75
342,2006,DEN,9,16,9,7,0,.563,319,305,14
343,2006,KAN,9,16,9,7,0,.563,331,315,16
344,2006,SEA,9,16,9,7,0,.563,335,341,-6
345,2005,DAL,9,16,9,7,0,.563,325,308,17
346,2005,MIA,9,16,9,7,0,.563,318,317,1
347,2005,MIN,9,16,9,7,0,.563,306,344,-38
348,2005,SDG,9,16,9,7,0,.563,418,312,106
349,2004,BUF,9,16,9,7,0,.563,395,284,111
350,2004,JAX,9,16,9,7,0,.563,261,280,-19
351,2004,BAL,9,16,9,7,0,.563,317,268,49
352,2004,SEA,9,16,9,7,0,.563,371,373,-2
353,2003,MIN,9,16,9,7,0,.563,416,353,63
354,2002,ATL,9,16,9,6,1,.594,402,314,88
355,2002,CLE,9,16,9,7,0,.563,344,320,24
356,2002,DEN,9,16,9,7,0,.563,392,344,48
357,2002,MIA,9,16,9,7,0,.563,378,301,77
358,2002,NOR,9,16,9,7,0,.563,432,388,44
359,2002,NWE,9,16,9,7,0,.563,381,346,35
360,2002,NYJ,9,16,9,7,0,.563,359,336,23
361,2001,SEA,9,16,9,7,0,.563,301,324,-23
362,2001,TAM,9,16,9,7,0,.563,324,280,44
363,2000,DET,9,16,9,7,0,.563,307,307,0
364,2000,GNB,9,16,9,7,0,.563,353,323,30
365,2000,NYJ,9,16,9,7,0,.563,321,321,0
366,2000,PIT,9,16,9,7,0,.563,321,255,66
367,2024,ATL,8,17,8,9,0,.471,389,423,-34
368,2024,IND,8,17,8,9,0,.471,377,427,-50
369,2024,ARI,8,17,8,9,0,.471,400,379,21
370,2024,MIA,8,17,8,9,0,.471,345,364,-19
371,2023,DEN,8,17,8,9,0,.471,357,413,-56
372,2023,LVR,8,17,8,9,0,.471,332,331,1
373,2022,GNB,8,17,8,9,0,.471,370,371,-1
374,2022,NWE,8,17,8,9,0,.471,364,347,17
375,2022,TAM,8,17,8,9,0,.471,313,358,-45
376,2022,WAS,8,17,8,8,1,.500,321,343,-22
377,2021,CLE,8,17,8,9,0,.471,349,371,-22
378,2021,MIN,8,17,8,9,0,.471,425,426,-1
379,2021,BAL,8,17,8,9,0,.471,387,392,-5
380,2020,CHI,8,16,8,8,0,.500,372,370,2
381,2020,ARI,8,16,8,8,0,.500,410,367,43
382,2020,LVR,8,16,8,8,0,.500,434,478,-44
383,2019,CHI,8,16,8,8,0,.500,280,298,-18
384,2019,DAL,8,16,8,8,0,.500,434,321,113
385,2019,PIT,8,16,8,8,0,.500,289,303,-14
386,2018,MIN,8,16,8,7,1,.531,360,341,19
387,2017,ARI,8,16,8,8,0,.500,295,361,-66
388,2016,IND,8,16,8,8,0,.500,411,392,19
389,2016,MIN,8,16,8,8,0,.500,327,307,20
390,2016,BAL,8,16,8,8,0,.500,343,321,22
391,2016,WAS,8,16,8,7,1,.531,396,383,13
392,2015,ATL,8,16,8,8,0,.500,339,345,-6
393,2015,BUF,8,16,8,8,0,.500,379,359,20
394,2015,IND,8,16,8,8,0,.500,333,408,-75
395,2014,MIA,8,16,8,8,0,.500,388,373,15
396,2014,SFO,8,16,8,8,0,.500,306,340,-34
397,2013,CHI,8,16,8,8,0,.500,445,478,-33
398,2013,DAL,8,16,8,8,0,.500,439,432,7
399,2013,GNB,8,16,8,7,1,.531,417,428,-11
400,2013,MIA,8,16,8,8,0,.500,317,335,-18
401,2013,NYJ,8,16,8,8,0,.500,290,387,-97
402,2013,PIT,8,16,8,8,0,.500,379,370,9
403,2013,BAL,8,16,8,8,0,.500,320,352,-32
404,2012,DAL,8,16,8,8,0,.500,376,400,-24
405,2012,PIT,8,16,8,8,0,.500,336,314,22
406,2011,CHI,8,16,8,8,0,.500,353,341,12
407,2011,ARI,8,16,8,8,0,.500,312,348,-36
408,2011,DAL,8,16,8,8,0,.500,369,347,22
409,2011,DEN,8,16,8,8,0,.500,309,390,-81
410,2011,NYJ,8,16,8,8,0,.500,377,363,14
411,2011,PHI,8,16,8,8,0,.500,396,328,68
412,2011,OAK,8,16,8,8,0,.500,359,433,-74
413,2011,SDG,8,16,8,8,0,.500,406,377,29
414,2010,JAX,8,16,8,8,0,.500,353,419,-66
415,2010,OAK,8,16,8,8,0,.500,410,371,39
416,2009,CAR,8,16,8,8,0,.500,315,308,7
417,2009,DEN,8,16,8,8,0,.500,326,324,2
418,2009,NYG,8,16,8,8,0,.500,402,427,-25
419,2009,TEN,8,16,8,8,0,.500,354,402,-48
420,2009,SFO,8,16,8,8,0,.500,330,281,49
421,2008,DEN,8,16,8,8,0,.500,370,448,-78
422,2008,HOU,8,16,8,8,0,.500,366,394,-28
423,2008,NOR,8,16,8,8,0,.500,463,393,70
424,2008,SDG,8,16,8,8,0,.500,439,347,92
425,2008,WAS,8,16,8,8,0,.500,265,296,-31
426,2007,ARI,8,16,8,8,0,.500,404,399,5
427,2007,HOU,8,16,8,8,0,.500,379,384,-5
428,2007,MIN,8,16,8,8,0,.500,365,311,54
429,2007,PHI,8,16,8,8,0,.500,336,300,36
430,2006,CAR,8,16,8,8,0,.500,270,305,-35
431,2006,CIN,8,16,8,8,0,.500,373,331,42
432,2006,GNB,8,16,8,8,0,.500,301,366,-65
433,2006,JAX,8,16,8,8,0,.500,371,274,97
434,2006,NYG,8,16,8,8,0,.500,355,362,-7
435,2006,TEN,8,16,8,8,0,.500,324,400,-76
436,2006,PIT,8,16,8,8,0,.500,353,315,38
437,2006,STL,8,16,8,8,0,.500,367,381,-14
438,2005,ATL,8,16,8,8,0,.500,351,341,10
439,2004,CIN,8,16,8,8,0,.500,374,372,2
440,2004,MIN,8,16,8,8,0,.500,405,395,10
441,2004,NOR,8,16,8,8,0,.500,348,405,-57
442,2004,STL,8,16,8,8,0,.500,319,392,-73
443,2003,CIN,8,16,8,8,0,.500,346,384,-38
444,2003,NOR,8,16,8,8,0,.500,340,326,14
445,2002,BUF,8,16,8,8,0,.500,379,397,-18
446,2002,KAN,8,16,8,8,0,.500,467,399,68
447,2002,SDG,8,16,8,8,0,.500,333,367,-34
448,2001,DEN,8,16,8,8,0,.500,340,339,1
449,2001,WAS,8,16,8,8,0,.500,256,303,-47
450,2000,BUF,8,16,8,8,0,.500,315,350,-35
451,2000,WAS,8,16,8,8,0,.500,281,269,12
452,2024,DAL,7,17,7,10,0,.412,350,468,-118
453,2023,ATL,7,17,7,10,0,.412,321,373,-52
454,2023,CHI,7,17,7,10,0,.412,360,379,-19
455,2023,MIN,7,17,7,10,0,.412,344,362,-18
456,2023,NYJ,7,17,7,10,0,.412,268,355,-87
457,2022,ATL,7,17,7,10,0,.412,365,386,-21
458,2022,CAR,7,17,7,10,0,.412,347,374,-27
459,2022,CLE,7,17,7,10,0,.412,361,381,-20
460,2022,NOR,7,17,7,10,0,.412,330,345,-15
461,2022,NYJ,7,17,7,10,0,.412,296,316,-20
462,2022,TEN,7,17,7,10,0,.412,298,359,-61
463,2021,ATL,7,17,7,10,0,.412,313,459,-146
464,2021,DEN,7,17,7,10,0,.412,335,322,13
465,2021,SEA,7,17,7,10,0,.412,395,366,29
466,2021,WAS,7,17,7,10,0,.412,335,434,-99
467,2020,MIN,7,16,7,9,0,.438,430,475,-45
468,2020,NWE,7,16,7,9,0,.438,326,353,-27
469,2020,LAC,7,16,7,9,0,.438,384,426,-42
470,2020,WAS,7,16,7,9,0,.438,335,329,6
471,2019,ATL,7,16,7,9,0,.438,381,399,-18
472,2019,IND,7,16,7,9,0,.438,361,373,-12
473,2019,DEN,7,16,7,9,0,.438,282,316,-34
474,2019,NYJ,7,16,7,9,0,.438,276,359,-83
475,2019,OAK,7,16,7,9,0,.438,313,419,-106
476,2019,TAM,7,16,7,9,0,.438,458,449,9
477,2018,ATL,7,16,7,9,0,.438,414,423,-9
478,2018,CAR,7,16,7,9,0,.438,376,382,-6
479,2018,CLE,7,16,7,8,1,.469,359,392,-33
480,2018,MIA,7,16,7,9,0,.438,319,433,-114
481,2018,WAS,7,16,7,9,0,.438,281,359,-78
482,2017,CIN,7,16,7,9,0,.438,290,349,-59
483,2017,GNB,7,16,7,9,0,.438,320,384,-64
484,2017,WAS,7,16,7,9,0,.438,342,388,-46
485,2016,BUF,7,16,7,9,0,.438,399,378,21
486,2016,ARI,7,16,7,8,1,.469,418,362,56
487,2016,NOR,7,16,7,9,0,.438,469,454,15
488,2016,PHI,7,16,7,9,0,.438,367,331,36
489,2015,DET,7,16,7,9,0,.438,358,400,-42
490,2015,NOR,7,16,7,9,0,.438,408,476,-68
491,2015,PHI,7,16,7,9,0,.438,377,430,-53
492,2015,OAK,7,16,7,9,0,.438,359,399,-40
493,2015,STL,7,16,7,9,0,.438,280,330,-50
494,2014,CAR,7,16,7,8,1,.469,339,374,-35
495,2014,CLE,7,16,7,9,0,.438,299,337,-38
496,2014,MIN,7,16,7,9,0,.438,325,343,-18
497,2014,NOR,7,16,7,9,0,.438,401,424,-23
498,2013,DET,7,16,7,9,0,.438,395,376,19
499,2013,NYG,7,16,7,9,0,.438,294,383,-89
500,2013,TEN,7,16,7,9,0,.438,362,381,-19
501,2013,STL,7,16,7,9,0,.438,348,364,-16
502,2012,CAR,7,16,7,9,0,.438,357,363,-6
503,2012,MIA,7,16,7,9,0,.438,288,317,-29
504,2012,NOR,7,16,7,9,0,.438,461,454,7
505,2012,STL,7,16,7,8,1,.469,299,348,-49
506,2012,SDG,7,16,7,9,0,.438,350,350,0
507,2012,TAM,7,16,7,9,0,.438,389,394,-5
508,2011,KAN,7,16,7,9,0,.438,212,338,-126
509,2011,SEA,7,16,7,9,0,.438,321,315,6
510,2010,MIA,7,16,7,9,0,.438,273,333,-60
511,2010,STL,7,16,7,9,0,.438,289,328,-39
512,2010,SEA,7,16,7,9,0,.438,310,407,-97
513,2009,CHI,7,16,7,9,0,.438,327,375,-48
514,2009,JAX,7,16,7,9,0,.438,290,380,-90
515,2009,MIA,7,16,7,9,0,.438,360,390,-30
516,2008,BUF,7,16,7,9,0,.438,336,342,-6
517,2008,SFO,7,16,7,9,0,.438,339,381,-42
518,2007,BUF,7,16,7,9,0,.438,252,354,-102
519,2007,CAR,7,16,7,9,0,.438,267,347,-80
520,2007,CHI,7,16,7,9,0,.438,334,348,-14
521,2007,CIN,7,16,7,9,0,.438,380,385,-5
522,2007,DEN,7,16,7,9,0,.438,320,409,-89
523,2007,DET,7,16,7,9,0,.438,346,444,-98
524,2007,NOR,7,16,7,9,0,.438,379,388,-9
525,2006,ATL,7,16,7,9,0,.438,292,328,-36
526,2006,BUF,7,16,7,9,0,.438,300,311,-11
527,2006,SFO,7,16,7,9,0,.438,298,412,-114
528,2004,CAR,7,16,7,9,0,.438,355,339,16
529,2004,HOU,7,16,7,9,0,.438,309,339,-30
530,2004,KAN,7,16,7,9,0,.438,483,435,48
531,2003,CHI,7,16,7,9,0,.438,283,346,-63
532,2003,SFO,7,16,7,9,0,.438,384,337,47
533,2003,TAM,7,16,7,9,0,.438,301,264,37
534,2002,CAR,7,16,7,9,0,.438,258,302,-44
535,2002,STL,7,16,7,9,0,.438,316,369,-53
536,2002,BAL,7,16,7,9,0,.438,316,354,-38
537,2002,SEA,7,16,7,9,0,.438,355,369,-14
538,2002,WAS,7,16,7,9,0,.438,307,365,-58
539,2001,ATL,7,16,7,9,0,.438,291,377,-86
540,2001,CLE,7,16,7,9,0,.438,285,319,-34
541,2001,ARI,7,16,7,9,0,.438,295,343,-48
542,2001,NOR,7,16,7,9,0,.438,333,409,-76
543,2001,NYG,7,16,7,9,0,.438,294,321,-27
544,2001,TEN,7,16,7,9,0,.438,336,388,-52
545,2000,CAR,7,16,7,9,0,.438,310,310,0
546,2000,JAX,7,16,7,9,0,.438,367,327,40
547,2000,KAN,7,16,7,9,0,.438,355,354,1
548,2024,SFO,6,17,6,11,0,.353,389,436,-47
549,2023,NYG,6,17,6,11,0,.353,266,407,-141
550,2023,TEN,6,17,6,11,0,.353,305,367,-62
551,2022,LVR,6,17,6,11,0,.353,395,418,-23
552,2021,CHI,6,17,6,11,0,.353,311,407,-96
553,2020,DAL,6,16,6,10,0,.375,395,473,-78
554,2020,NYG,6,16,6,10,0,.375,280,357,-77
555,2020,SFO,6,16,6,10,0,.375,376,390,-14
556,2019,CLE,6,16,6,10,0,.375,335,393,-58
557,2019,JAX,6,16,6,10,0,.375,300,397,-97
558,2018,BUF,6,16,6,10,0,.375,269,374,-105
559,2018,CIN,6,16,6,10,0,.375,368,455,-87
560,2018,DEN,6,16,6,10,0,.375,329,349,-20
561,2018,DET,6,16,6,10,0,.375,324,360,-36
562,2018,GNB,6,16,6,9,1,.406,376,400,-24
563,2017,MIA,6,16,6,10,0,.375,281,393,-112
564,2017,OAK,6,16,6,10,0,.375,301,373,-72
565,2017,SFO,6,16,6,10,0,.375,331,383,-52
566,2016,CAR,6,16,6,10,0,.375,369,402,-33
567,2016,CIN,6,16,6,9,1,.406,325,315,10
568,2015,CHI,6,16,6,10,0,.375,335,397,-62
569,2015,MIA,6,16,6,10,0,.375,310,389,-79
570,2015,NYG,6,16,6,10,0,.375,420,442,-22
571,2015,TAM,6,16,6,10,0,.375,342,417,-75
572,2014,ATL,6,16,6,10,0,.375,381,417,-36
573,2014,NYG,6,16,6,10,0,.375,380,400,-20
574,2014,STL,6,16,6,10,0,.375,324,354,-30
575,2013,BUF,6,16,6,10,0,.375,339,388,-49
576,2012,BUF,6,16,6,10,0,.375,344,435,-91
577,2012,NYJ,6,16,6,10,0,.375,281,375,-94
578,2012,TEN,6,16,6,10,0,.375,330,471,-141
579,2011,BUF,6,16,6,10,0,.375,372,434,-62
580,2011,CAR,6,16,6,10,0,.375,406,429,-23
581,2011,MIA,6,16,6,10,0,.375,329,313,16
582,2010,DAL,6,16,6,10,0,.375,394,436,-42
583,2010,DET,6,16,6,10,0,.375,362,369,-7
584,2010,HOU,6,16,6,10,0,.375,390,427,-37
585,2010,MIN,6,16,6,10,0,.375,281,348,-67
586,2010,TEN,6,16,6,10,0,.375,356,339,17
587,2010,SFO,6,16,6,10,0,.375,305,346,-41
588,2010,WAS,6,16,6,10,0,.375,302,377,-75
589,2009,BUF,6,16,6,10,0,.375,258,326,-68
590,2008,GNB,6,16,6,10,0,.375,419,380,39
591,2006,HOU,6,16,6,10,0,.375,267,366,-99
592,2006,MIA,6,16,6,10,0,.375,260,283,-23
593,2006,MIN,6,16,6,10,0,.375,282,327,-45
594,2005,CLE,6,16,6,10,0,.375,232,301,-69
595,2005,PHI,6,16,6,10,0,.375,310,388,-78
596,2005,STL,6,16,6,10,0,.375,363,429,-66
597,2005,BAL,6,16,6,10,0,.375,265,299,-34
598,2004,ARI,6,16,6,10,0,.375,284,322,-38
599,2004,DAL,6,16,6,10,0,.375,293,405,-112
600,2004,DET,6,16,6,10,0,.375,296,350,-54
601,2004,NYG,6,16,6,10,0,.375,303,347,-44
602,2004,WAS,6,16,6,10,0,.375,240,265,-25
603,2003,BUF,6,16,6,10,0,.375,243,279,-36
604,2003,NYJ,6,16,6,10,0,.375,283,299,-16
605,2003,PIT,6,16,6,10,0,.375,300,327,-27
606,2002,JAX,6,16,6,10,0,.375,328,315,13
607,2002,MIN,6,16,6,10,0,.375,390,442,-52
608,2001,CIN,6,16,6,10,0,.375,226,309,-83
609,2001,IND,6,16,6,10,0,.375,413,486,-73
610,2001,JAX,6,16,6,10,0,.375,294,286,8
611,2001,KAN,6,16,6,10,0,.375,320,344,-24
612,2000,SEA,6,16,6,10,0,.375,320,405,-85
613,2000,SFO,6,16,6,10,0,.375,388,422,-34
614,2024,CAR,5,17,5,12,0,.294,341,534,-193
615,2024,CHI,5,17,5,12,0,.294,310,370,-60
616,2024,NOR,5,17,5,12,0,.294,338,398,-60
617,2024,NYJ,5,17,5,12,0,.294,338,404,-66
618,2023,LAC,5,17,5,12,0,.294,346,398,-52
619,2022,DEN,5,17,5,12,0,.294,287,359,-72
620,2022,LAR,5,17,5,12,0,.294,307,384,-77
621,2021,CAR,5,17,5,12,0,.294,304,404,-100
622,2020,CAR,5,16,5,11,0,.313,350,402,-52
623,2020,DEN,5,16,5,11,0,.313,323,446,-123
624,2020,DET,5,16,5,11,0,.313,377,519,-142
625,2019,CAR,5,16,5,11,0,.313,340,470,-130
626,2019,ARI,5,16,5,10,1,.344,361,442,-81
627,2019,MIA,5,16,5,11,0,.313,306,494,-188
628,2019,LAC,5,16,5,11,0,.313,337,345,-8
629,2018,JAX,5,16,5,11,0,.313,245,316,-71
630,2018,NYG,5,16,5,11,0,.313,369,412,-43
631,2018,TAM,5,16,5,11,0,.313,396,464,-68
632,2017,CHI,5,16,5,11,0,.313,264,320,-56
633,2017,DEN,5,16,5,11,0,.313,289,382,-93
634,2017,NYJ,5,16,5,11,0,.313,298,382,-84
635,2017,TAM,5,16,5,11,0,.313,335,382,-47
636,2016,NYJ,5,16,5,11,0,.313,275,409,-134
637,2016,SDG,5,16,5,11,0,.313,410,423,-13
638,2015,JAX,5,16,5,11,0,.313,376,448,-72
639,2015,BAL,5,16,5,11,0,.313,328,401,-73
640,2015,SFO,5,16,5,11,0,.313,238,387,-149
641,2014,CHI,5,16,5,11,0,.313,319,442,-123
642,2013,MIN,5,16,5,10,1,.344,391,480,-89
643,2012,CLE,5,16,5,11,0,.313,302,368,-66
644,2012,ARI,5,16,5,11,0,.313,250,357,-107
645,2011,JAX,5,16,5,11,0,.313,243,329,-86
646,2011,WAS,5,16,5,11,0,.313,288,367,-79
647,2010,CLE,5,16,5,11,0,.313,271,332,-61
648,2010,ARI,5,16,5,11,0,.313,289,434,-145
649,2009,CLE,5,16,5,11,0,.313,245,375,-130
650,2009,OAK,5,16,5,11,0,.313,197,379,-182
651,2009,SEA,5,16,5,11,0,.313,280,390,-110
652,2008,JAX,5,16,5,11,0,.313,302,367,-65
653,2008,OAK,5,16,5,11,0,.313,263,388,-125
654,2007,BAL,5,16,5,11,0,.313,275,384,-109
655,2007,SFO,5,16,5,11,0,.313,219,364,-145
656,2006,ARI,5,16,5,11,0,.313,314,389,-75
657,2006,WAS,5,16,5,11,0,.313,307,376,-69
658,2005,BUF,5,16,5,11,0,.313,271,367,-96
659,2005,ARI,5,16,5,11,0,.313,311,387,-76
660,2005,DET,5,16,5,11,0,.313,254,345,-91
661,2004,CHI,5,16,5,11,0,.313,231,331,-100
662,2004,TEN,5,16,5,11,0,.313,344,439,-95
663,2004,OAK,5,16,5,11,0,.313,320,442,-122
664,2004,TAM,5,16,5,11,0,.313,301,304,-3
665,2003,ATL,5,16,5,11,0,.313,299,422,-123
666,2003,CLE,5,16,5,11,0,.313,254,322,-68
667,2003,DET,5,16,5,11,0,.313,270,379,-109
668,2003,HOU,5,16,5,11,0,.313,255,380,-125
669,2003,JAX,5,16,5,11,0,.313,276,331,-55
670,2003,WAS,5,16,5,11,0,.313,287,372,-85
671,2002,ARI,5,16,5,11,0,.313,262,417,-155
672,2002,DAL,5,16,5,11,0,.313,217,329,-112
673,2001,DAL,5,16,5,11,0,.313,246,338,-92
674,2001,MIN,5,16,5,11,0,.313,290,390,-100
675,2001,SDG,5,16,5,11,0,.313,332,321,11
676,2000,CHI,5,16,5,11,0,.313,216,355,-139
677,2000,DAL,5,16,5,11,0,.313,294,361,-67
678,2000,NWE,5,16,5,11,0,.313,276,338,-62
679,2024,JAX,4,17,4,13,0,.235,320,435,-115
680,2024,NWE,4,17,4,13,0,.235,289,417,-128
681,2024,LVR,4,17,4,13,0,.235,309,434,-125
682,2023,ARI,4,17,4,13,0,.235,330,455,-125
683,2023,NWE,4,17,4,13,0,.235,236,366,-130
684,2023,WAS,4,17,4,13,0,.235,329,518,-189
685,2022,IND,4,17,4,12,1,.265,289,427,-138
686,2022,ARI,4,17,4,13,0,.235,340,449,-109
687,2021,HOU,4,17,4,13,0,.235,280,452,-172
688,2021,NYG,4,17,4,13,0,.235,258,416,-158
689,2021,NYJ,4,17,4,13,0,.235,310,504,-194
690,2020,ATL,4,16,4,12,0,.250,396,414,-18
691,2020,CIN,4,16,4,11,1,.281,311,424,-113
692,2020,HOU,4,16,4,12,0,.250,384,464,-80
693,2020,PHI,4,16,4,11,1,.281,334,418,-84
694,2019,NYG,4,16,4,12,0,.250,341,451,-110
695,2018,NYJ,4,16,4,12,0,.250,333,441,-108
696,2018,OAK,4,16,4,12,0,.250,290,467,-177
697,2018,SFO,4,16,4,12,0,.250,342,435,-93
698,2017,IND,4,16,4,12,0,.250,263,404,-141
699,2017,HOU,4,16,4,12,0,.250,338,436,-98
700,2016,LAR,4,16,4,12,0,.250,224,394,-170
701,2015,DAL,4,16,4,12,0,.250,275,374,-99
702,2015,SDG,4,16,4,12,0,.250,320,398,-78
703,2014,NYJ,4,16,4,12,0,.250,283,401,-118
704,2014,WAS,4,16,4,12,0,.250,301,438,-137
705,2013,ATL,4,16,4,12,0,.250,353,443,-90
706,2013,CLE,4,16,4,12,0,.250,308,406,-98
707,2013,JAX,4,16,4,12,0,.250,247,449,-202
708,2013,OAK,4,16,4,12,0,.250,322,453,-131
709,2013,TAM,4,16,4,12,0,.250,288,389,-101
710,2012,DET,4,16,4,12,0,.250,372,437,-65
711,2012,PHI,4,16,4,12,0,.250,280,444,-164
712,2012,OAK,4,16,4,12,0,.250,290,443,-153
713,2011,CLE,4,16,4,12,0,.250,218,307,-89
714,2011,TAM,4,16,4,12,0,.250,287,494,-207
715,2010,BUF,4,16,4,12,0,.250,283,425,-142
716,2010,CIN,4,16,4,12,0,.250,322,395,-73
717,2010,DEN,4,16,4,12,0,.250,344,471,-127
718,2009,KAN,4,16,4,12,0,.250,294,424,-130
719,2009,WAS,4,16,4,12,0,.250,266,336,-70
720,2008,CIN,4,16,4,11,1,.281,204,364,-160
721,2008,CLE,4,16,4,12,0,.250,232,350,-118
722,2008,SEA,4,16,4,12,0,.250,294,392,-98
723,2007,ATL,4,16,4,12,0,.250,259,414,-155
724,2007,KAN,4,16,4,12,0,.250,226,335,-109
725,2007,NYJ,4,16,4,12,0,.250,268,355,-87
726,2007,OAK,4,16,4,12,0,.250,283,398,-115
727,2006,CLE,4,16,4,12,0,.250,238,356,-118
728,2006,TAM,4,16,4,12,0,.250,211,353,-142
729,2005,GNB,4,16,4,12,0,.250,298,344,-46
730,2005,NYJ,4,16,4,12,0,.250,240,355,-115
731,2005,TEN,4,16,4,12,0,.250,299,421,-122
732,2005,OAK,4,16,4,12,0,.250,290,383,-93
733,2005,SFO,4,16,4,12,0,.250,239,428,-189
734,2004,CLE,4,16,4,12,0,.250,276,390,-114
735,2004,MIA,4,16,4,12,0,.250,275,354,-79
736,2003,ARI,4,16,4,12,0,.250,225,452,-227
737,2003,NYG,4,16,4,12,0,.250,243,387,-144
738,2003,OAK,4,16,4,12,0,.250,270,379,-109
739,2003,SDG,4,16,4,12,0,.250,313,441,-128
740,2002,CHI,4,16,4,12,0,.250,281,379,-98
741,2002,HOU,4,16,4,12,0,.250,213,356,-143
742,2000,ATL,4,16,4,12,0,.250,252,413,-161
743,2000,CIN,4,16,4,12,0,.250,185,359,-174
744,2024,CLE,3,17,3,14,0,.176,258,435,-177
745,2024,NYG,3,17,3,14,0,.176,273,415,-142
746,2024,TEN,3,17,3,14,0,.176,311,460,-149
747,2022,CHI,3,17,3,14,0,.176,326,463,-137
748,2022,HOU,3,17,3,13,1,.206,289,420,-131
749,2021,DET,3,17,3,13,1,.206,325,467,-142
750,2021,JAX,3,17,3,14,0,.176,253,457,-204
751,2019,DET,3,16,3,12,1,.219,341,423,-82
752,2019,WAS,3,16,3,13,0,.188,266,435,-169
753,2018,ARI,3,16,3,13,0,.188,225,425,-200
754,2017,NYG,3,16,3,13,0,.188,246,388,-142
755,2016,CHI,3,16,3,13,0,.188,279,399,-120
756,2016,JAX,3,16,3,13,0,.188,318,400,-82
757,2015,CLE,3,16,3,13,0,.188,278,432,-154
758,2015,TEN,3,16,3,13,0,.188,299,423,-124
759,2014,JAX,3,16,3,13,0,.188,249,412,-163
760,2014,OAK,3,16,3,13,0,.188,253,452,-199
761,2013,WAS,3,16,3,13,0,.188,334,478,-144
762,2011,MIN,3,16,3,13,0,.188,340,449,-109
763,2009,TAM,3,16,3,13,0,.188,244,400,-156
764,2007,STL,3,16,3,13,0,.188,263,438,-175
765,2006,DET,3,16,3,13,0,.188,305,398,-93
766,2005,NOR,3,16,3,13,0,.188,235,398,-163
767,2002,DET,3,16,3,13,0,.188,306,451,-145
768,2001,BUF,3,16,3,13,0,.188,265,420,-155
769,2000,CLE,3,16,3,13,0,.188,161,419,-258
770,2000,ARI,3,16,3,13,0,.188,210,443,-233
771,2023,CAR,2,17,2,15,0,.118,236,416,-180
772,2020,NYJ,2,16,2,14,0,.125,243,457,-214
773,2019,CIN,2,16,2,14,0,.125,279,420,-141
774,2016,SFO,2,16,2,14,0,.125,309,480,-171
775,2014,TEN,2,16,2,14,0,.125,254,438,-184
776,2014,TAM,2,16,2,14,0,.125,277,410,-133
777,2013,HOU,2,16,2,14,0,.125,276,428,-152
778,2012,JAX,2,16,2,14,0,.125,255,444,-189
779,2012,KAN,2,16,2,14,0,.125,211,425,-214
780,2011,IND,2,16,2,14,0,.125,243,430,-187
781,2011,STL,2,16,2,14,0,.125,193,407,-214
782,2010,CAR,2,16,2,14,0,.125,196,408,-212
783,2009,DET,2,16,2,14,0,.125,262,494,-232
784,2008,KAN,2,16,2,14,0,.125,291,440,-149
785,2008,STL,2,16,2,14,0,.125,232,465,-233
786,2006,OAK,2,16,2,14,0,.125,168,332,-164
787,2005,HOU,2,16,2,14,0,.125,260,431,-171
788,2004,SFO,2,16,2,14,0,.125,259,452,-193
789,2002,CIN,2,16,2,14,0,.125,279,456,-177
790,2001,DET,2,16,2,14,0,.125,270,424,-154
791,2020,JAX,1,16,1,15,0,.063,306,492,-186
792,2016,CLE,1,16,1,15,0,.063,264,452,-188
793,2009,STL,1,16,1,15,0,.063,175,436,-261
794,2007,MIA,1,16,1,15,0,.063,267,437,-170
795,2001,CAR,1,16,1,15,0,.063,253,410,-157
796,2000,SDG,1,16,1,15,0,.063,269,440,-171
797,2017,CLE,0,16,0,16,0,.000,234,410,-176
798,2008,DET,0,16,0,16,0,.000,268,517,-249