year_since_draft,metric_value,metric_percentile,prob_year3_decision,weighted_metric_year3,prob_year4_decision,weighted_metric_year4,prob_year5_decision,weighted_metric_year5
1,60.75471876133317,5.162523900573613,0.0,60.75471876133317,0.0,60.75471876133317,0.25,60.75471876133317
1,159.74225959781842,8.795411089866157,0.0,159.74225959781842,0.0,159.74225959781842,0.125,159.74225959781842
1,258.7298004343036,11.663479923518164,0.0,258.7298004343036,0.0,258.7298004343036,0.0,258.7298004343036
1,357.7173412707889,15.678776290630974,0.0,357.7173412707889,0.0,357.7173412707889,0.125,357.7173412707889
1,456.7048821072741,17.399617590822178,0.0,456.7048821072741,0.0,456.7048821072741,0.25,456.7048821072741
1,555.6924229437593,18.35564053537285,0.0,555.6924229437593,0.0,555.6924229437593,0.25,555.6924229437593
1,654.6799637802446,20.650095602294453,0.0,654.6799637802446,0.0,654.6799637802446,0.25,654.6799637802446
1,753.6675046167298,21.797323135755256,0.0,753.6675046167298,0.0,753.6675046167298,0.25,753.6675046167298
1,852.655045453215,23.135755258126196,0.0,852.655045453215,0.0,852.655045453215,0.375,852.6550454532152
1,951.6425862897003,26.195028680688335,0.0,951.6425862897003,0.06666666666666667,951.6425862897003,0.375,951.6425862897003
1,1050.6301271261855,26.577437858508603,0.0,1050.6301271261855,0.06666666666666667,1050.6301271261855,0.25,1050.6301271261855
1,1149.6176679626708,29.063097514340342,0.0,1149.6176679626708,0.06666666666666667,1149.6176679626708,0.25,1149.6176679626708
1,1248.6052087991561,29.636711281070745,0.0,1248.6052087991561,0.06666666666666667,1248.6052087991561,0.25,1248.6052087991561
1,1347.5927496356412,31.166347992351817,0.09090909090909091,1347.5927496356412,0.06666666666666667,1347.5927496356412,0.25,1347.5927496356412
1,1446.5802904721265,34.03441682600382,0.09090909090909091,1446.5802904721265,0.06666666666666667,1446.5802904721265,0.25,1446.5802904721265
1,1545.5678313086116,35.18164435946463,0.09090909090909091,1545.5678313086114,0.06666666666666667,1545.5678313086116,0.375,1545.5678313086116
1,1644.555372145097,35.94646271510516,0.09090909090909091,1644.555372145097,0.06666666666666667,1644.555372145097,0.25,1644.555372145097
1,1743.5429129815823,36.32887189292543,0.18181818181818182,1743.5429129815823,0.06666666666666667,1743.5429129815823,0.25,1743.5429129815825
1,1842.5304538180674,37.66730401529637,0.2727272727272727,1842.5304538180674,0.06666666666666667,1842.5304538180674,0.25,1842.5304538180676
1,1941.5179946545527,39.005736137667306,0.2727272727272727,1941.5179946545527,0.06666666666666667,1941.5179946545527,0.375,1941.5179946545527
1,2040.5055354910378,39.77055449330784,0.36363636363636365,2040.5055354910378,0.06666666666666667,2040.5055354910378,0.5,2040.5055354910378
1,2139.4930763275233,40.53537284894838,0.36363636363636365,2139.4930763275233,0.06666666666666667,2139.4930763275233,0.5,2139.4930763275233
1,2238.4806171640084,42.82982791586998,0.36363636363636365,2238.4806171640084,0.13333333333333333,2238.4806171640084,0.5,2238.4806171640084
1,2337.4681580004935,44.93307839388145,0.36363636363636365,2337.4681580004935,0.13333333333333333,2337.4681580004935,0.375,2337.4681580004935
1,2436.455698836979,45.88910133843212,0.45454545454545453,2436.455698836979,0.13333333333333333,2436.455698836979,0.375,2436.455698836979
1,2535.443239673464,47.22753346080306,0.45454545454545453,2535.443239673464,0.2,2535.443239673464,0.5,2535.443239673464
1,2634.4307805099493,48.18355640535373,0.45454545454545453,2634.4307805099493,0.2,2634.4307805099493,0.5,2634.4307805099493
1,2733.4183213464344,49.33078393881453,0.36363636363636365,2733.4183213464344,0.4,2733.4183213464344,0.5,2733.4183213464344
1,2832.40586218292,50.8604206500956,0.36363636363636365,2832.40586218292,0.4,2832.40586218292,0.5,2832.40586218292
1,2931.393403019405,52.39005736137667,0.36363636363636365,2931.393403019405,0.5333333333333333,2931.393403019405,0.5,2931.393403019405
1,3030.38094385589,53.72848948374761,0.36363636363636365,3030.38094385589,0.5333333333333333,3030.38094385589,0.5,3030.38094385589
1,3129.3684846923757,55.25812619502868,0.36363636363636365,3129.3684846923757,0.6,3129.3684846923757,0.375,3129.368484692375
1,3228.3560255288608,57.170172084130016,0.36363636363636365,3228.3560255288608,0.6666666666666666,3228.3560255288608,0.5,3228.3560255288603
1,3327.343566365346,58.69980879541109,0.5454545454545454,3327.343566365346,0.6666666666666666,3327.343566365346,0.625,3327.3435663653454
1,3426.3311072018314,61.37667304015296,0.5454545454545454,3426.3311072018314,0.6666666666666666,3426.3311072018314,0.5,3426.3311072018314
1,3525.3186480383165,62.523900573613766,0.6363636363636364,3525.3186480383165,0.6666666666666666,3525.3186480383165,0.375,3525.3186480383165
1,3624.3061888748016,64.05353728489483,0.6363636363636364,3624.3061888748016,0.6666666666666666,3624.3061888748016,0.375,3624.3061888748016
1,3723.293729711287,66.34799235181644,0.8181818181818182,3723.2937297112876,0.6666666666666666,3723.293729711287,0.375,3723.293729711287
1,3822.2812705477722,68.45124282982792,0.8181818181818182,3822.2812705477722,0.6666666666666666,3822.281270547772,0.375,3822.2812705477722
1,3921.2688113842573,70.55449330783938,0.7272727272727273,3921.2688113842573,0.7333333333333333,3921.2688113842573,0.5,3921.2688113842573
1,4020.2563522207424,73.80497131931166,0.7272727272727273,4020.2563522207424,0.7333333333333333,4020.256352220743,0.5,4020.2563522207424
1,4119.243893057228,76.8642447418738,0.7272727272727273,4119.243893057228,0.7333333333333333,4119.243893057228,0.5,4119.243893057228
1,4218.231433893714,78.585086042065,0.7272727272727273,4218.231433893714,0.7333333333333333,4218.231433893714,0.625,4218.231433893714
1,4317.218974730199,81.26195028680688,0.7272727272727273,4317.218974730199,0.8,4317.218974730199,0.625,4317.218974730199
1,4416.206515566684,84.51242829827916,0.6363636363636364,4416.206515566684,0.8,4416.206515566684,0.625,4416.206515566684
1,4515.194056403169,86.9980879541109,0.6363636363636364,4515.194056403169,0.7333333333333333,4515.194056403169,0.75,4515.194056403169
1,4614.181597239654,89.10133843212238,0.7272727272727273,4614.181597239654,0.7333333333333333,4614.181597239654,0.75,4614.181597239654
1,4713.1691380761395,91.20458891013384,0.7272727272727273,4713.1691380761395,0.7333333333333333,4713.1691380761395,0.75,4713.1691380761395
1,4812.1566789126255,93.30783938814531,0.7272727272727273,4812.1566789126255,0.7333333333333333,4812.1566789126255,0.75,4812.1566789126255
1,4911.144219749111,94.83747609942638,0.7272727272727273,4911.144219749111,0.7333333333333333,4911.144219749111,0.75,4911.144219749111
2,60.75471876133317,5.162523900573613,0.0,60.75471876133317,0.0,60.75471876133317,0.25,60.75471876133317
2,159.74225959781842,8.795411089866157,0.0,159.7422595978184,0.0,159.74225959781842,0.125,159.7422595978184
2,258.7298004343036,11.663479923518164,0.0,258.7298004343036,0.0,258.7298004343037,0.0,258.7298004343036
2,357.7173412707889,15.678776290630974,0.0,357.7173412707889,0.0,357.7173412707889,0.125,357.7173412707889
2,456.7048821072741,17.399617590822178,0.0,456.7048821072741,0.0,456.7048821072741,0.25,456.70488210727416
2,555.6924229437593,18.35564053537285,0.0,555.6924229437593,0.0,555.6924229437593,0.25,555.6924229437593
2,654.6799637802446,20.650095602294453,0.0,654.6799637802445,0.0,654.6799637802447,0.25,654.6799637802446
2,753.6675046167298,21.797323135755256,0.0,753.6675046167298,0.0,753.66750461673,0.25,753.6675046167298
2,852.655045453215,23.135755258126196,0.0,852.6550454532149,0.0,852.655045453215,0.375,852.6550454532152
2,951.6425862897003,26.195028680688335,0.0,951.6425862897003,0.06666666666666667,951.6425862897004,0.375,951.6425862897003
2,1050.6301271261855,26.577437858508603,0.0,1050.6301271261855,0.06666666666666667,1050.6301271261855,0.25,1050.6301271261855
2,1149.6176679626708,29.063097514340342,0.0,1149.6176679626706,0.06666666666666667,1149.6176679626708,0.25,1149.6176679626708
2,1248.6052087991561,29.636711281070745,0.0,1248.6052087991561,0.06666666666666667,1248.6052087991563,0.25,1248.6052087991561
2,1347.5927496356412,31.166347992351817,0.09090909090909091,1347.592749635641,0.06666666666666667,1347.5927496356414,0.25,1347.5927496356412
2,1446.5802904721265,34.03441682600382,0.09090909090909091,1446.5802904721263,0.06666666666666667,1446.5802904721268,0.25,1446.5802904721265
2,1545.5678313086116,35.18164435946463,0.09090909090909091,1545.5678313086114,0.06666666666666667,1545.5678313086119,0.375,1545.5678313086116
2,1644.555372145097,35.94646271510516,0.09090909090909091,1644.555372145097,0.06666666666666667,1644.5553721450972,0.25,1644.5553721450972
2,1743.5429129815823,36.32887189292543,0.18181818181818182,1743.542912981582,0.06666666666666667,1743.5429129815823,0.25,1743.5429129815823
2,1842.5304538180674,37.66730401529637,0.2727272727272727,1842.5304538180671,0.06666666666666667,1842.5304538180674,0.25,1842.5304538180676
2,1941.5179946545527,39.005736137667306,0.2727272727272727,1941.5179946545527,0.06666666666666667,1941.5179946545527,0.375,1941.5179946545527
2,2040.5055354910378,39.77055449330784,0.36363636363636365,2040.5055354910378,0.06666666666666667,2040.5055354910378,0.5,2040.5055354910378
2,2139.4930763275233,40.53537284894838,0.36363636363636365,2139.4930763275233,0.06666666666666667,2139.4930763275233,0.5,2139.4930763275233
2,2238.4806171640084,42.82982791586998,0.36363636363636365,2238.4806171640084,0.13333333333333333,2238.4806171640084,0.5,2238.4806171640084
2,2337.4681580004935,44.93307839388145,0.36363636363636365,2337.468158000493,0.13333333333333333,2337.468158000494,0.375,2337.4681580004935
2,2436.455698836979,45.88910133843212,0.45454545454545453,2436.455698836979,0.13333333333333333,2436.4556988369795,0.375,2436.455698836979
2,2535.443239673464,47.22753346080306,0.45454545454545453,2535.443239673464,0.2,2535.443239673464,0.5,2535.443239673464
2,2634.4307805099493,48.18355640535373,0.45454545454545453,2634.4307805099493,0.2,2634.4307805099497,0.5,2634.4307805099493
2,2733.4183213464344,49.33078393881453,0.36363636363636365,2733.4183213464344,0.4,2733.4183213464344,0.5,2733.4183213464344
2,2832.40586218292,50.8604206500956,0.36363636363636365,2832.40586218292,0.4,2832.4058621829204,0.5,2832.4058621829204
2,2931.393403019405,52.39005736137667,0.36363636363636365,2931.3934030194046,0.5333333333333333,2931.3934030194055,0.5,2931.393403019405
2,3030.38094385589,53.72848948374761,0.36363636363636365,3030.3809438558897,0.5333333333333333,3030.3809438558906,0.5,3030.38094385589
2,3129.3684846923757,55.25812619502868,0.36363636363636365,3129.3684846923757,0.6,3129.3684846923757,0.375,3129.3684846923757
2,3228.3560255288608,57.170172084130016,0.36363636363636365,3228.3560255288603,0.6666666666666666,3228.356025528861,0.5,3228.3560255288608
2,3327.343566365346,58.69980879541109,0.5454545454545454,3327.343566365346,0.6666666666666666,3327.3435663653463,0.625,3327.3435663653454
2,3426.3311072018314,61.37667304015296,0.5454545454545454,3426.331107201831,0.6666666666666666,3426.331107201832,0.5,3426.331107201831
2,3525.3186480383165,62.523900573613766,0.6363636363636364,3525.318648038316,0.6666666666666666,3525.3186480383165,0.375,3525.3186480383165
2,3624.3061888748016,64.05353728489483,0.6363636363636364,3624.306188874801,0.6666666666666666,3624.3061888748016,0.375,3624.3061888748016
2,3723.293729711287,66.34799235181644,0.8181818181818182,3723.293729711287,0.6666666666666666,3723.293729711288,0.375,3723.293729711287
2,3822.2812705477722,68.45124282982792,0.8181818181818182,3822.2812705477722,0.6666666666666666,3822.2812705477722,0.375,3822.2812705477727
2,3921.2688113842573,70.55449330783938,0.7272727272727273,3921.2688113842573,0.7333333333333333,3921.268811384258,0.5,3921.2688113842573
2,4020.2563522207424,73.80497131931166,0.7272727272727273,4020.2563522207415,0.7333333333333333,4020.256352220743,0.5,4020.2563522207424
2,4119.243893057228,76.8642447418738,0.7272727272727273,4119.243893057228,0.7333333333333333,4119.243893057228,0.5,4119.243893057228
2,4218.231433893714,78.585086042065,0.7272727272727273,4218.231433893713,0.7333333333333333,4218.231433893714,0.625,4218.231433893714
2,4317.218974730199,81.26195028680688,0.7272727272727273,4317.218974730198,0.8,4317.218974730199,0.625,4317.218974730199
2,4416.206515566684,84.51242829827916,0.6363636363636364,4416.206515566684,0.8,4416.206515566685,0.625,4416.206515566684
2,4515.194056403169,86.9980879541109,0.6363636363636364,4515.194056403168,0.7333333333333333,4515.194056403169,0.75,4515.194056403169
2,4614.181597239654,89.10133843212238,0.7272727272727273,4614.1815972396535,0.7333333333333333,4614.181597239655,0.75,4614.181597239654
2,4713.1691380761395,91.20458891013384,0.7272727272727273,4713.169138076139,0.7333333333333333,4713.1691380761395,0.75,4713.1691380761395
2,4812.1566789126255,93.30783938814531,0.7272727272727273,4812.156678912625,0.7333333333333333,4812.156678912626,0.75,4812.1566789126255
2,4911.144219749111,94.83747609942638,0.7272727272727273,4911.14421974911,0.7333333333333333,4911.144219749111,0.75,4911.14421974911
3,60.75471876133317,5.162523900573613,0.0,60.75471876133317,0.0,60.75471876133318,0.25,60.75471876133317
3,159.74225959781842,8.795411089866157,0.0,159.74225959781842,0.0,159.74225959781842,0.125,159.7422595978184
3,258.7298004343036,11.663479923518164,0.0,258.7298004343036,0.0,258.7298004343036,0.0,258.7298004343036
3,357.7173412707889,15.678776290630974,0.0,357.71734127078895,0.0,357.7173412707889,0.125,357.7173412707889
3,456.7048821072741,17.399617590822178,0.0,456.7048821072741,0.0,456.7048821072741,0.25,456.7048821072741
3,555.6924229437593,18.35564053537285,0.0,555.6924229437593,0.0,555.6924229437593,0.25,555.6924229437593
3,654.6799637802446,20.650095602294453,0.0,654.6799637802446,0.0,654.6799637802446,0.25,654.6799637802445
3,753.6675046167298,21.797323135755256,0.0,753.6675046167298,0.0,753.6675046167298,0.25,753.6675046167298
3,852.655045453215,23.135755258126196,0.0,852.655045453215,0.0,852.655045453215,0.375,852.6550454532152
3,951.6425862897003,26.195028680688335,0.0,951.6425862897003,0.06666666666666667,951.6425862897003,0.375,951.6425862897003
3,1050.6301271261855,26.577437858508603,0.0,1050.6301271261855,0.06666666666666667,1050.6301271261855,0.25,1050.6301271261855
3,1149.6176679626708,29.063097514340342,0.0,1149.6176679626708,0.06666666666666667,1149.6176679626708,0.25,1149.6176679626706
3,1248.6052087991561,29.636711281070745,0.0,1248.6052087991563,0.06666666666666667,1248.6052087991561,0.25,1248.6052087991563
3,1347.5927496356412,31.166347992351817,0.09090909090909091,1347.5927496356412,0.06666666666666667,1347.5927496356414,0.25,1347.5927496356412
3,1446.5802904721265,34.03441682600382,0.09090909090909091,1446.5802904721265,0.06666666666666667,1446.5802904721265,0.25,1446.5802904721268
3,1545.5678313086116,35.18164435946463,0.09090909090909091,1545.5678313086116,0.06666666666666667,1545.5678313086114,0.375,1545.5678313086116
3,1644.555372145097,35.94646271510516,0.09090909090909091,1644.5553721450972,0.06666666666666667,1644.555372145097,0.25,1644.555372145097
3,1743.5429129815823,36.32887189292543,0.18181818181818182,1743.5429129815823,0.06666666666666667,1743.5429129815825,0.25,1743.5429129815823
3,1842.5304538180674,37.66730401529637,0.2727272727272727,1842.5304538180674,0.06666666666666667,1842.5304538180674,0.25,1842.5304538180676
3,1941.5179946545527,39.005736137667306,0.2727272727272727,1941.5179946545527,0.06666666666666667,1941.517994654553,0.375,1941.517994654553
3,2040.5055354910378,39.77055449330784,0.36363636363636365,2040.5055354910378,0.06666666666666667,2040.5055354910378,0.5,2040.5055354910378
3,2139.4930763275233,40.53537284894838,0.36363636363636365,2139.4930763275233,0.06666666666666667,2139.4930763275233,0.5,2139.493076327524
3,2238.4806171640084,42.82982791586998,0.36363636363636365,2238.4806171640084,0.13333333333333333,2238.4806171640084,0.5,2238.4806171640084
3,2337.4681580004935,44.93307839388145,0.36363636363636365,2337.4681580004935,0.13333333333333333,2337.4681580004935,0.375,2337.468158000494
3,2436.455698836979,45.88910133843212,0.45454545454545453,2436.455698836979,0.13333333333333333,2436.455698836979,0.375,2436.455698836979
3,2535.443239673464,47.22753346080306,0.45454545454545453,2535.443239673464,0.2,2535.443239673464,0.5,2535.443239673464
3,2634.4307805099493,48.18355640535373,0.45454545454545453,2634.4307805099493,0.2,2634.4307805099497,0.5,2634.4307805099493
3,2733.4183213464344,49.33078393881453,0.36363636363636365,2733.4183213464344,0.4,2733.418321346434,0.5,2733.4183213464344
3,2832.40586218292,50.8604206500956,0.36363636363636365,2832.40586218292,0.4,2832.40586218292,0.5,2832.4058621829204
3,2931.393403019405,52.39005736137667,0.36363636363636365,2931.3934030194055,0.5333333333333333,2931.393403019405,0.5,2931.393403019405
3,3030.38094385589,53.72848948374761,0.36363636363636365,3030.3809438558906,0.5333333333333333,3030.3809438558897,0.5,3030.38094385589
3,3129.3684846923757,55.25812619502868,0.36363636363636365,3129.3684846923757,0.6,3129.368484692376,0.375,3129.368484692375
3,3228.3560255288608,57.170172084130016,0.36363636363636365,3228.3560255288608,0.6666666666666666,3228.3560255288608,0.5,3228.3560255288608
3,3327.343566365346,58.69980879541109,0.5454545454545454,3327.343566365346,0.6666666666666666,3327.343566365346,0.625,3327.3435663653454
3,3426.3311072018314,61.37667304015296,0.5454545454545454,3426.3311072018314,0.6666666666666666,3426.331107201832,0.5,3426.3311072018314
3,3525.3186480383165,62.523900573613766,0.6363636363636364,3525.3186480383165,0.6666666666666666,3525.318648038317,0.375,3525.3186480383165
3,3624.3061888748016,64.05353728489483,0.6363636363636364,3624.3061888748016,0.6666666666666666,3624.3061888748016,0.375,3624.3061888748016
3,3723.293729711287,66.34799235181644,0.8181818181818182,3723.293729711287,0.6666666666666666,3723.2937297112876,0.375,3723.293729711287
3,3822.2812705477722,68.45124282982792,0.8181818181818182,3822.2812705477722,0.6666666666666666,3822.2812705477727,0.375,3822.2812705477727
3,3921.2688113842573,70.55449330783938,0.7272727272727273,3921.2688113842573,0.7333333333333333,3921.2688113842573,0.5,3921.2688113842573
3,4020.2563522207424,73.80497131931166,0.7272727272727273,4020.2563522207424,0.7333333333333333,4020.2563522207424,0.5,4020.2563522207424
3,4119.243893057228,76.8642447418738,0.7272727272727273,4119.243893057228,0.7333333333333333,4119.243893057228,0.5,4119.243893057229
3,4218.231433893714,78.585086042065,0.7272727272727273,4218.231433893715,0.7333333333333333,4218.231433893714,0.625,4218.231433893714
3,4317.218974730199,81.26195028680688,0.7272727272727273,4317.218974730199,0.8,4317.218974730199,0.625,4317.218974730199
3,4416.206515566684,84.51242829827916,0.6363636363636364,4416.206515566685,0.8,4416.206515566684,0.625,4416.206515566684
3,4515.194056403169,86.9980879541109,0.6363636363636364,4515.194056403169,0.7333333333333333,4515.194056403169,0.75,4515.194056403169
3,4614.181597239654,89.10133843212238,0.7272727272727273,4614.181597239655,0.7333333333333333,4614.181597239654,0.75,4614.181597239654
3,4713.1691380761395,91.20458891013384,0.7272727272727273,4713.1691380761395,0.7333333333333333,4713.1691380761395,0.75,4713.1691380761395
3,4812.1566789126255,93.30783938814531,0.7272727272727273,4812.1566789126255,0.7333333333333333,4812.1566789126255,0.75,4812.156678912625
3,4911.144219749111,94.83747609942638,0.7272727272727273,4911.144219749111,0.7333333333333333,4911.144219749111,0.75,4911.144219749111
4,60.75471876133317,5.162523900573613,0.0,60.75471876133317,0.0,60.75471876133317,0.25,60.75471876133317
4,159.74225959781842,8.795411089866157,0.0,159.74225959781842,0.0,159.74225959781842,0.125,159.74225959781842
4,258.7298004343036,11.663479923518164,0.0,258.7298004343036,0.0,258.7298004343036,0.0,258.7298004343036
4,357.7173412707889,15.678776290630974,0.0,357.71734127078895,0.0,357.7173412707889,0.125,357.7173412707889
4,456.7048821072741,17.399617590822178,0.0,456.7048821072741,0.0,456.7048821072741,0.25,456.7048821072741
4,555.6924229437593,18.35564053537285,0.0,555.6924229437593,0.0,555.6924229437593,0.25,555.6924229437593
4,654.6799637802446,20.650095602294453,0.0,654.6799637802446,0.0,654.6799637802446,0.25,654.6799637802446
4,753.6675046167298,21.797323135755256,0.0,753.6675046167298,0.0,753.6675046167298,0.25,753.6675046167297
4,852.655045453215,23.135755258126196,0.0,852.655045453215,0.0,852.655045453215,0.375,852.655045453215
4,951.6425862897003,26.195028680688335,0.0,951.6425862897003,0.06666666666666667,951.6425862897003,0.375,951.6425862897004
4,1050.6301271261855,26.577437858508603,0.0,1050.6301271261855,0.06666666666666667,1050.6301271261855,0.25,1050.6301271261855
4,1149.6176679626708,29.063097514340342,0.0,1149.6176679626708,0.06666666666666667,1149.6176679626708,0.25,1149.6176679626708
4,1248.6052087991561,29.636711281070745,0.0,1248.6052087991563,0.06666666666666667,1248.6052087991561,0.25,1248.6052087991563
4,1347.5927496356412,31.166347992351817,0.09090909090909091,1347.5927496356412,0.06666666666666667,1347.5927496356412,0.25,1347.5927496356412
4,1446.5802904721265,34.03441682600382,0.09090909090909091,1446.5802904721265,0.06666666666666667,1446.5802904721265,0.25,1446.5802904721265
4,1545.5678313086116,35.18164435946463,0.09090909090909091,1545.5678313086116,0.06666666666666667,1545.5678313086116,0.375,1545.5678313086114
4,1644.555372145097,35.94646271510516,0.09090909090909091,1644.5553721450972,0.06666666666666667,1644.555372145097,0.25,1644.555372145097
4,1743.5429129815823,36.32887189292543,0.18181818181818182,1743.5429129815823,0.06666666666666667,1743.5429129815823,0.25,1743.542912981582
4,1842.5304538180674,37.66730401529637,0.2727272727272727,1842.5304538180674,0.06666666666666667,1842.5304538180674,0.25,1842.5304538180676
4,1941.5179946545527,39.005736137667306,0.2727272727272727,1941.5179946545527,0.06666666666666667,1941.5179946545527,0.375,1941.5179946545527
4,2040.5055354910378,39.77055449330784,0.36363636363636365,2040.5055354910378,0.06666666666666667,2040.5055354910378,0.5,2040.5055354910378
4,2139.4930763275233,40.53537284894838,0.36363636363636365,2139.4930763275233,0.06666666666666667,2139.4930763275233,0.5,2139.493076327524
4,2238.4806171640084,42.82982791586998,0.36363636363636365,2238.4806171640084,0.13333333333333333,2238.4806171640084,0.5,2238.4806171640084
4,2337.4681580004935,44.93307839388145,0.36363636363636365,2337.4681580004935,0.13333333333333333,2337.4681580004935,0.375,2337.468158000494
4,2436.455698836979,45.88910133843212,0.45454545454545453,2436.455698836979,0.13333333333333333,2436.455698836979,0.375,2436.455698836979
4,2535.443239673464,47.22753346080306,0.45454545454545453,2535.443239673464,0.2,2535.443239673464,0.5,2535.443239673464
4,2634.4307805099493,48.18355640535373,0.45454545454545453,2634.4307805099493,0.2,2634.4307805099497,0.5,2634.4307805099493
4,2733.4183213464344,49.33078393881453,0.36363636363636365,2733.4183213464344,0.4,2733.418321346434,0.5,2733.4183213464344
4,2832.40586218292,50.8604206500956,0.36363636363636365,2832.40586218292,0.4,2832.40586218292,0.5,2832.4058621829204
4,2931.393403019405,52.39005736137667,0.36363636363636365,2931.3934030194055,0.5333333333333333,2931.393403019405,0.5,2931.3934030194055
4,3030.38094385589,53.72848948374761,0.36363636363636365,3030.3809438558906,0.5333333333333333,3030.38094385589,0.5,3030.38094385589
4,3129.3684846923757,55.25812619502868,0.36363636363636365,3129.3684846923757,0.6,3129.3684846923757,0.375,3129.368484692375
4,3228.3560255288608,57.170172084130016,0.36363636363636365,3228.3560255288608,0.6666666666666666,3228.3560255288608,0.5,3228.3560255288608
4,3327.343566365346,58.69980879541109,0.5454545454545454,3327.343566365346,0.6666666666666666,3327.343566365346,0.625,3327.3435663653454
4,3426.3311072018314,61.37667304015296,0.5454545454545454,3426.3311072018314,0.6666666666666666,3426.3311072018314,0.5,3426.331107201831
4,3525.3186480383165,62.523900573613766,0.6363636363636364,3525.3186480383165,0.6666666666666666,3525.3186480383165,0.375,3525.3186480383165
4,3624.3061888748016,64.05353728489483,0.6363636363636364,3624.3061888748016,0.6666666666666666,3624.3061888748016,0.375,3624.3061888748016
4,3723.293729711287,66.34799235181644,0.8181818181818182,3723.293729711287,0.6666666666666666,3723.2937297112876,0.375,3723.293729711287
4,3822.2812705477722,68.45124282982792,0.8181818181818182,3822.2812705477722,0.6666666666666666,3822.2812705477722,0.375,3822.2812705477722
4,3921.2688113842573,70.55449330783938,0.7272727272727273,3921.2688113842573,0.7333333333333333,3921.2688113842573,0.5,3921.268811384257
4,4020.2563522207424,73.80497131931166,0.7272727272727273,4020.2563522207424,0.7333333333333333,4020.2563522207424,0.5,4020.2563522207424
4,4119.243893057228,76.8642447418738,0.7272727272727273,4119.243893057228,0.7333333333333333,4119.243893057228,0.5,4119.243893057228
4,4218.231433893714,78.585086042065,0.7272727272727273,4218.231433893715,0.7333333333333333,4218.231433893714,0.625,4218.231433893714
4,4317.218974730199,81.26195028680688,0.7272727272727273,4317.218974730199,0.8,4317.218974730199,0.625,4317.218974730199
4,4416.206515566684,84.51242829827916,0.6363636363636364,4416.206515566685,0.8,4416.206515566684,0.625,4416.206515566683
4,4515.194056403169,86.9980879541109,0.6363636363636364,4515.194056403169,0.7333333333333333,4515.194056403169,0.75,4515.194056403169
4,4614.181597239654,89.10133843212238,0.7272727272727273,4614.181597239655,0.7333333333333333,4614.181597239654,0.75,4614.181597239654
4,4713.1691380761395,91.20458891013384,0.7272727272727273,4713.1691380761395,0.7333333333333333,4713.1691380761395,0.75,4713.1691380761395
4,4812.1566789126255,93.30783938814531,0.7272727272727273,4812.1566789126255,0.7333333333333333,4812.1566789126255,0.75,4812.1566789126255
4,4911.144219749111,94.83747609942638,0.7272727272727273,4911.144219749111,0.7333333333333333,4911.144219749111,0.75,4911.144219749111
5,60.75471876133317,5.162523900573613,0.0,60.75471876133317,0.0,60.75471876133317,0.25,60.75471876133318
5,159.74225959781842,8.795411089866157,0.0,159.74225959781842,0.0,159.74225959781842,0.125,159.74225959781842
5,258.7298004343036,11.663479923518164,0.0,258.7298004343036,0.0,258.7298004343036,0.0,258.7298004343036
5,357.7173412707889,15.678776290630974,0.0,357.71734127078895,0.0,357.7173412707889,0.125,357.71734127078895
5,456.7048821072741,17.399617590822178,0.0,456.7048821072741,0.0,456.7048821072741,0.25,456.70488210727416
5,555.6924229437593,18.35564053537285,0.0,555.6924229437593,0.0,555.6924229437593,0.25,555.6924229437593
5,654.6799637802446,20.650095602294453,0.0,654.6799637802446,0.0,654.6799637802446,0.25,654.6799637802446
5,753.6675046167298,21.797323135755256,0.0,753.6675046167298,0.0,753.6675046167298,0.25,753.66750461673
5,852.655045453215,23.135755258126196,0.0,852.655045453215,0.0,852.655045453215,0.375,852.6550454532152
5,951.6425862897003,26.195028680688335,0.0,951.6425862897003,0.06666666666666667,951.6425862897003,0.375,951.6425862897004
5,1050.6301271261855,26.577437858508603,0.0,1050.6301271261855,0.06666666666666667,1050.6301271261855,0.25,1050.6301271261855
5,1149.6176679626708,29.063097514340342,0.0,1149.6176679626708,0.06666666666666667,1149.6176679626708,0.25,1149.617667962671
5,1248.6052087991561,29.636711281070745,0.0,1248.6052087991563,0.06666666666666667,1248.6052087991561,0.25,1248.6052087991563
5,1347.5927496356412,31.166347992351817,0.09090909090909091,1347.5927496356412,0.06666666666666667,1347.5927496356412,0.25,1347.5927496356412
5,1446.5802904721265,34.03441682600382,0.09090909090909091,1446.5802904721265,0.06666666666666667,1446.5802904721265,0.25,1446.5802904721268
5,1545.5678313086116,35.18164435946463,0.09090909090909091,1545.5678313086116,0.06666666666666667,1545.5678313086116,0.375,1545.5678313086119
5,1644.555372145097,35.94646271510516,0.09090909090909091,1644.5553721450972,0.06666666666666667,1644.555372145097,0.25,1644.5553721450972
5,1743.5429129815823,36.32887189292543,0.18181818181818182,1743.5429129815823,0.06666666666666667,1743.5429129815823,0.25,1743.5429129815825
5,1842.5304538180674,37.66730401529637,0.2727272727272727,1842.5304538180674,0.06666666666666667,1842.5304538180674,0.25,1842.5304538180676
5,1941.5179946545527,39.005736137667306,0.2727272727272727,1941.5179946545527,0.06666666666666667,1941.5179946545527,0.375,1941.517994654553
5,2040.5055354910378,39.77055449330784,0.36363636363636365,2040.5055354910378,0.06666666666666667,2040.5055354910378,0.5,2040.505535491038
5,2139.4930763275233,40.53537284894838,0.36363636363636365,2139.4930763275233,0.06666666666666667,2139.4930763275233,0.5,2139.493076327524
5,2238.4806171640084,42.82982791586998,0.36363636363636365,2238.4806171640084,0.13333333333333333,2238.4806171640084,0.5,2238.4806171640084
5,2337.4681580004935,44.93307839388145,0.36363636363636365,2337.4681580004935,0.13333333333333333,2337.4681580004935,0.375,2337.468158000494
5,2436.455698836979,45.88910133843212,0.45454545454545453,2436.455698836979,0.13333333333333333,2436.455698836979,0.375,2436.4556988369795
5,2535.443239673464,47.22753346080306,0.45454545454545453,2535.443239673464,0.2,2535.443239673464,0.5,2535.4432396734646
5,2634.4307805099493,48.18355640535373,0.45454545454545453,2634.4307805099493,0.2,2634.4307805099497,0.5,2634.4307805099497
5,2733.4183213464344,49.33078393881453,0.36363636363636365,2733.4183213464344,0.4,2733.418321346434,0.5,2733.418321346435
5,2832.40586218292,50.8604206500956,0.36363636363636365,2832.40586218292,0.4,2832.40586218292,0.5,2832.4058621829204
5,2931.393403019405,52.39005736137667,0.36363636363636365,2931.3934030194055,0.5333333333333333,2931.393403019405,0.5,2931.3934030194055
5,3030.38094385589,53.72848948374761,0.36363636363636365,3030.3809438558906,0.5333333333333333,3030.38094385589,0.5,3030.38094385589
5,3129.3684846923757,55.25812619502868,0.36363636363636365,3129.3684846923757,0.6,3129.3684846923757,0.375,3129.368484692376
5,3228.3560255288608,57.170172084130016,0.36363636363636365,3228.3560255288608,0.6666666666666666,3228.3560255288608,0.5,3228.356025528861
5,3327.343566365346,58.69980879541109,0.5454545454545454,3327.343566365346,0.6666666666666666,3327.343566365346,0.625,3327.3435663653463
5,3426.3311072018314,61.37667304015296,0.5454545454545454,3426.3311072018314,0.6666666666666666,3426.3311072018314,0.5,3426.3311072018314
5,3525.3186480383165,62.523900573613766,0.6363636363636364,3525.3186480383165,0.6666666666666666,3525.3186480383165,0.375,3525.318648038317
5,3624.3061888748016,64.05353728489483,0.6363636363636364,3624.3061888748016,0.6666666666666666,3624.3061888748016,0.375,3624.306188874802
5,3723.293729711287,66.34799235181644,0.8181818181818182,3723.293729711287,0.6666666666666666,3723.2937297112876,0.375,3723.2937297112876
5,3822.2812705477722,68.45124282982792,0.8181818181818182,3822.2812705477722,0.6666666666666666,3822.2812705477722,0.375,3822.2812705477727
5,3921.2688113842573,70.55449330783938,0.7272727272727273,3921.2688113842573,0.7333333333333333,3921.2688113842573,0.5,3921.268811384258
5,4020.2563522207424,73.80497131931166,0.7272727272727273,4020.2563522207424,0.7333333333333333,4020.2563522207424,0.5,4020.256352220743
5,4119.243893057228,76.8642447418738,0.7272727272727273,4119.243893057228,0.7333333333333333,4119.243893057228,0.5,4119.243893057228
5,4218.231433893714,78.585086042065,0.7272727272727273,4218.231433893715,0.7333333333333333,4218.231433893714,0.625,4218.231433893715
5,4317.218974730199,81.26195028680688,0.7272727272727273,4317.218974730199,0.8,4317.218974730199,0.625,4317.2189747302
5,4416.206515566684,84.51242829827916,0.6363636363636364,4416.206515566685,0.8,4416.206515566684,0.625,4416.206515566684
5,4515.194056403169,86.9980879541109,0.6363636363636364,4515.194056403169,0.7333333333333333,4515.194056403169,0.75,4515.19405640317
5,4614.181597239654,89.10133843212238,0.7272727272727273,4614.181597239655,0.7333333333333333,4614.181597239654,0.75,4614.181597239654
5,4713.1691380761395,91.20458891013384,0.7272727272727273,4713.1691380761395,0.7333333333333333,4713.1691380761395,0.75,4713.16913807614
5,4812.1566789126255,93.30783938814531,0.7272727272727273,4812.1566789126255,0.7333333333333333,4812.1566789126255,0.75,4812.156678912626
5,4911.144219749111,94.83747609942638,0.7272727272727273,4911.144219749111,0.7333333333333333,4911.144219749111,0.75,4911.144219749111
6,60.75471876133317,5.162523900573613,0.0,60.75471876133317,0.0,60.75471876133317,0.25,60.75471876133318
6,159.74225959781842,8.795411089866157,0.0,159.74225959781842,0.0,159.74225959781842,0.125,159.74225959781842
6,258.7298004343036,11.663479923518164,0.0,258.7298004343036,0.0,258.7298004343036,0.0,258.7298004343036
6,357.7173412707889,15.678776290630974,0.0,357.71734127078895,0.0,357.7173412707889,0.125,357.71734127078895
6,456.7048821072741,17.399617590822178,0.0,456.7048821072741,0.0,456.7048821072741,0.25,456.70488210727416
6,555.6924229437593,18.35564053537285,0.0,555.6924229437593,0.0,555.6924229437593,0.25,555.6924229437593
6,654.6799637802446,20.650095602294453,0.0,654.6799637802446,0.0,654.6799637802446,0.25,654.6799637802446
6,753.6675046167298,21.797323135755256,0.0,753.6675046167298,0.0,753.6675046167298,0.25,753.66750461673
6,852.655045453215,23.135755258126196,0.0,852.655045453215,0.0,852.655045453215,0.375,852.6550454532152
6,951.6425862897003,26.195028680688335,0.0,951.6425862897003,0.06666666666666667,951.6425862897003,0.375,951.6425862897004
6,1050.6301271261855,26.577437858508603,0.0,1050.6301271261855,0.06666666666666667,1050.6301271261855,0.25,1050.6301271261855
6,1149.6176679626708,29.063097514340342,0.0,1149.6176679626708,0.06666666666666667,1149.6176679626708,0.25,1149.617667962671
6,1248.6052087991561,29.636711281070745,0.0,1248.6052087991563,0.06666666666666667,1248.6052087991561,0.25,1248.6052087991563
6,1347.5927496356412,31.166347992351817,0.09090909090909091,1347.5927496356412,0.06666666666666667,1347.5927496356412,0.25,1347.5927496356412
6,1446.5802904721265,34.03441682600382,0.09090909090909091,1446.5802904721265,0.06666666666666667,1446.5802904721265,0.25,1446.5802904721268
6,1545.5678313086116,35.18164435946463,0.09090909090909091,1545.5678313086116,0.06666666666666667,1545.5678313086116,0.375,1545.5678313086119
6,1644.555372145097,35.94646271510516,0.09090909090909091,1644.5553721450972,0.06666666666666667,1644.555372145097,0.25,1644.5553721450972
6,1743.5429129815823,36.32887189292543,0.18181818181818182,1743.5429129815823,0.06666666666666667,1743.5429129815823,0.25,1743.5429129815825
6,1842.5304538180674,37.66730401529637,0.2727272727272727,1842.5304538180674,0.06666666666666667,1842.5304538180674,0.25,1842.5304538180676
6,1941.5179946545527,39.005736137667306,0.2727272727272727,1941.5179946545527,0.06666666666666667,1941.5179946545527,0.375,1941.517994654553
6,2040.5055354910378,39.77055449330784,0.36363636363636365,2040.5055354910378,0.06666666666666667,2040.5055354910378,0.5,2040.505535491038
6,2139.4930763275233,40.53537284894838,0.36363636363636365,2139.4930763275233,0.06666666666666667,2139.4930763275233,0.5,2139.493076327524
6,2238.4806171640084,42.82982791586998,0.36363636363636365,2238.4806171640084,0.13333333333333333,2238.4806171640084,0.5,2238.4806171640084
6,2337.4681580004935,44.93307839388145,0.36363636363636365,2337.4681580004935,0.13333333333333333,2337.4681580004935,0.375,2337.468158000494
6,2436.455698836979,45.88910133843212,0.45454545454545453,2436.455698836979,0.13333333333333333,2436.455698836979,0.375,2436.4556988369795
6,2535.443239673464,47.22753346080306,0.45454545454545453,2535.443239673464,0.2,2535.443239673464,0.5,2535.4432396734646
6,2634.4307805099493,48.18355640535373,0.45454545454545453,2634.4307805099493,0.2,2634.4307805099497,0.5,2634.4307805099497
6,2733.4183213464344,49.33078393881453,0.36363636363636365,2733.4183213464344,0.4,2733.418321346434,0.5,2733.418321346435
6,2832.40586218292,50.8604206500956,0.36363636363636365,2832.40586218292,0.4,2832.40586218292,0.5,2832.4058621829204
6,2931.393403019405,52.39005736137667,0.36363636363636365,2931.3934030194055,0.5333333333333333,2931.393403019405,0.5,2931.3934030194055
6,3030.38094385589,53.72848948374761,0.36363636363636365,3030.3809438558906,0.5333333333333333,3030.38094385589,0.5,3030.38094385589
6,3129.3684846923757,55.25812619502868,0.36363636363636365,3129.3684846923757,0.6,3129.3684846923757,0.375,3129.368484692376
6,3228.3560255288608,57.170172084130016,0.36363636363636365,3228.3560255288608,0.6666666666666666,3228.3560255288608,0.5,3228.356025528861
6,3327.343566365346,58.69980879541109,0.5454545454545454,3327.343566365346,0.6666666666666666,3327.343566365346,0.625,3327.3435663653463
6,3426.3311072018314,61.37667304015296,0.5454545454545454,3426.3311072018314,0.6666666666666666,3426.3311072018314,0.5,3426.3311072018314
6,3525.3186480383165,62.523900573613766,0.6363636363636364,3525.3186480383165,0.6666666666666666,3525.3186480383165,0.375,3525.318648038317
6,3624.3061888748016,64.05353728489483,0.6363636363636364,3624.3061888748016,0.6666666666666666,3624.3061888748016,0.375,3624.306188874802
6,3723.293729711287,66.34799235181644,0.8181818181818182,3723.293729711287,0.6666666666666666,3723.2937297112876,0.375,3723.2937297112876
6,3822.2812705477722,68.45124282982792,0.8181818181818182,3822.2812705477722,0.6666666666666666,3822.2812705477722,0.375,3822.2812705477727
6,3921.2688113842573,70.55449330783938,0.7272727272727273,3921.2688113842573,0.7333333333333333,3921.2688113842573,0.5,3921.268811384258
6,4020.2563522207424,73.80497131931166,0.7272727272727273,4020.2563522207424,0.7333333333333333,4020.2563522207424,0.5,4020.256352220743
6,4119.243893057228,76.8642447418738,0.7272727272727273,4119.243893057228,0.7333333333333333,4119.243893057228,0.5,4119.243893057228
6,4218.231433893714,78.585086042065,0.7272727272727273,4218.231433893715,0.7333333333333333,4218.231433893714,0.625,4218.231433893715
6,4317.218974730199,81.26195028680688,0.7272727272727273,4317.218974730199,0.8,4317.218974730199,0.625,4317.2189747302
6,4416.206515566684,84.51242829827916,0.6363636363636364,4416.206515566685,0.8,4416.206515566684,0.625,4416.206515566684
6,4515.194056403169,86.9980879541109,0.6363636363636364,4515.194056403169,0.7333333333333333,4515.194056403169,0.75,4515.19405640317
6,4614.181597239654,89.10133843212238,0.7272727272727273,4614.181597239655,0.7333333333333333,4614.181597239654,0.75,4614.181597239654
6,4713.1691380761395,91.20458891013384,0.7272727272727273,4713.1691380761395,0.7333333333333333,4713.1691380761395,0.75,4713.16913807614
6,4812.1566789126255,93.30783938814531,0.7272727272727273,4812.1566789126255,0.7333333333333333,4812.1566789126255,0.75,4812.156678912626
6,4911.144219749111,94.83747609942638,0.7272727272727273,4911.144219749111,0.7333333333333333,4911.144219749111,0.75,4911.144219749111
